name,group,category
カイ,超特急,EBiDAN
リョウガ,超特急,EBiDAN
タクヤ,超特急,EBiDAN
ユーキ,超特急,EBiDAN
タカシ,超特急,EBiDAN
シューヤ,超特急,EBiDAN
マサヒロ,超特急,EBiDAN
アロハ,超特急,EBiDAN
ハル,超特急,EBiDAN
佐野勇斗,M!LK,EBiDAN
塩﨑太智,M!LK,EBiDAN
曽野舜太,M!LK,EBiDAN
山中柔太朗,M!LK,EBiDAN
吉田仁人,M!LK,EBiDAN
志村玲於,SUPER★DRAGON,EBiDAN
古川毅,SUPER★DRAGON,EBiDAN
ジャン海渡,SUPER★DRAGON,EBiDAN
飯島颯,SUPER★DRAGON,EBiDAN
伊藤壮吾,SUPER★DRAGON,EBiDAN
田中洸希,SUPER★DRAGON,EBiDAN
池田彪馬,SUPER★DRAGON,EBiDAN
松村和哉,SUPER★DRAGON,EBiDAN
柴崎楽,SUPER★DRAGON,EBiDAN
田中雅功,Sakurashimeji,EBiDAN
髙田彪我,Sakurashimeji,EBiDAN
TETTA,ONE N' ONLY,EBiDAN
REI,ONE N' ONLY,EBiDAN
EIKU,ONE N' ONLY,EBiDAN
HAYATO,ONE N' ONLY,EBiDAN
NAOYA,ONE N' ONLY,EBiDAN
大倉空人,原因は自分にある。,EBiDAN
小泉光咲,原因は自分にある。,EBiDAN
桜木雅哉,原因は自分にある。,EBiDAN
長野凌大,原因は自分にある。,EBiDAN
武藤潤,原因は自分にある。,EBiDAN
杢代和人,原因は自分にある。,EBiDAN
吉澤要人,原因は自分にある。,EBiDAN
FUMINORI,BUDDiiS,EBiDAN
KEVIN,BUDDiiS,EBiDAN
MORRIE,BUDDiiS,EBiDAN
SEIYA,BUDDiiS,EBiDAN
YUMA,BUDDiiS,EBiDAN
SHOW,BUDDiiS,EBiDAN
TAKUYA,BUDDiiS,EBiDAN
FUMIYA,BUDDiiS,EBiDAN
SHOOT,BUDDiiS,EBiDAN
志賀李玖,ICEx,EBiDAN
中村旺太郎,ICEx,EBiDAN
阿久根温世,ICEx,EBiDAN
千田波空斗,ICEx,EBiDAN
筒井俊旭,ICEx,EBiDAN
山本龍人,ICEx,EBiDAN
竹野世梛,ICEx,EBiDAN
八神遼介,ICEx,EBiDAN
芳賀柊斗,Lienel,EBiDAN
近藤駿太,Lienel,EBiDAN
高岡ミロ,Lienel,EBiDAN
森田璃空,Lienel,EBiDAN
武田創世,Lienel,EBiDAN
高桑真之,Lienel,EBiDAN
三村航輝,iiONDO,EBiDAN
畑駿平,iiONDO,EBiDAN
守本勝倶,iiONDO,EBiDAN
髙橋夢人,iiONDO,EBiDAN
宮本琉成,iiONDO,EBiDAN
大野遥斗,iiONDO,EBiDAN
堀蒼寿,iiONDO,EBiDAN
三戸琳仁,iiONDO,EBiDAN
ITARU,龍宮城,STARDUST
齋木春空,龍宮城,STARDUST
冨田侑暉,龍宮城,STARDUST
S,龍宮城,STARDUST
KEIGO,龍宮城,STARDUST
Ray,龍宮城,STARDUST
KENT,龍宮城,STARDUST
飯世善文,VOKSY DAYS,STARDUST
越山敬達,VOKSY DAYS,STARDUST
荘司亜虎,VOKSY DAYS,STARDUST
涼瀬一颯,VOKSY DAYS,STARDUST
田村颯大,VOKSY DAYS,STARDUST
長野蒼大,VOKSY DAYS,STARDUST
橋新夢,VOKSY DAYS,STARDUST
松崎朔弥,VOKSY DAYS,STARDUST
川尻蓮,JO1,LAPONE
川西拓実,JO1,LAPONE
木全翔也,JO1,LAPONE
金城碧海,JO1,LAPONE
河野純喜,JO1,LAPONE
佐藤景瑚,JO1,LAPONE
白岩瑠姫,JO1,LAPONE
豆原一成,JO1,LAPONE
與那城奨,JO1,LAPONE
池﨑理人,INI,LAPONE
尾崎匠海,INI,LAPONE
木村柾哉,INI,LAPONE
後藤威尊,INI,LAPONE
佐野雄大,INI,LAPONE
シュウ・フェンファン,INI,LAPONE
髙塚大夢,INI,LAPONE
田島将吾,INI,LAPONE
西洸人,INI,LAPONE
藤牧京介,INI,LAPONE
松田迅,INI,LAPONE
大久保波留,DXTEEN,LAPONE
田中笑太郎,DXTEEN,LAPONE
谷口太一,DXTEEN,LAPONE
寺尾香信,DXTEEN,LAPONE
平本健,DXTEEN,LAPONE
福田歩汰,DXTEEN,LAPONE
KAIRYU,MAZZEL,BMSG
NAOYA,MAZZEL,BMSG
RAN,MAZZEL,BMSG
SEITO,MAZZEL,BMSG
RYUKI,MAZZEL,BMSG
TAKUTO,MAZZEL,BMSG
HAYATO,MAZZEL,BMSG
EIKI,MAZZEL,BMSG
山田涼介,Hey! Say! JUMP,STARTO
知念侑李,Hey! Say! JUMP,STARTO
中島裕翔,個人,STARTO
有岡大貴,Hey! Say! JUMP,STARTO
髙木雄也,Hey! Say! JUMP,STARTO
伊野尾慧,Hey! Say! JUMP,STARTO
八乙女光,Hey! Say! JUMP,STARTO
薮宏太,Hey! Say! JUMP,STARTO
永瀬廉,King & Prince,STARTO
髙橋海人,King & Prince,STARTO
ジェシー,SixTONES,STARTO
京本大我,SixTONES,STARTO
松村北斗,SixTONES,STARTO
髙地優吾,SixTONES,STARTO
森本慎太郎,SixTONES,STARTO
田中樹,SixTONES,STARTO
西畑大吾,なにわ男子,STARTO
大西流星,なにわ男子,STARTO
道枝駿佑,なにわ男子,STARTO
高橋恭平,なにわ男子,STARTO
長尾謙杜,なにわ男子,STARTO
藤原丈一郎,なにわ男子,STARTO
大橋和也,なにわ男子,STARTO
宮近海斗,Travis Japan,STARTO
中村海人,Travis Japan,STARTO
七五三掛龍也,Travis Japan,STARTO
川島如恵留,Travis Japan,STARTO
吉澤閑也,Travis Japan,STARTO
松田元太,Travis Japan,STARTO
松倉海斗,Travis Japan,STARTO
正門良規,Aぇ! group,STARTO
末澤誠也,Aぇ! group,STARTO
小島健,Aぇ! group,STARTO
佐野晶哉,Aぇ! group,STARTO
中島健人,個人,STARTO
浮所飛貴,ACEes,STARTO
那須雄登,ACEes,STARTO
作間龍斗,ACEes,STARTO
深田竜生,ACEes,STARTO
佐藤龍我,ACEes,STARTO
岩﨑大昇,KEY TO LIT,STARTO
井上瑞稀,KEY TO LIT,STARTO
中村嶺亜,KEY TO LIT,STARTO
猪狩蒼弥,KEY TO LIT,STARTO
佐々木大光,KEY TO LIT,STARTO
橋本涼,B&ZAI,STARTO
矢花黎,B&ZAI,STARTO
今野大輝,B&ZAI,STARTO
菅田琳寧,B&ZAI,STARTO
本髙克樹,B&ZAI,STARTO
鈴木悠仁,B&ZAI,STARTO
川﨑星輝,B&ZAI,STARTO
稲葉通陽,B&ZAI,STARTO
織山尚大,Howzit,STARTO
西村拓哉,Howzit,STARTO
黒田光輝,Howzit,STARTO
檜山光成,Howzit,STARTO
ヴァサイェガ渉,Howzit,STARTO
千井野空翔,無所属,STARTO
阿達慶,無所属,STARTO
竹村実悟,無所属,STARTO
末永光,無所属,STARTO
鍋田大成,無所属,STARTO
大西風雅,無所属,STARTO
久保廉,無所属,STARTO
田仲陽成,無所属,STARTO
渡邉大我,無所属,STARTO
池川侑希弥,Boys be,STARTO
伊藤篤志,Boys be,STARTO
宮岡大愛,無所属,STARTO
善如寺來,無所属,STARTO
山岸想,無所属,STARTO
青木滉平,無所属,STARTO
元木湧,無所属,STARTO
安嶋秀生,無所属,STARTO
川﨑皇輝,無所属,STARTO
島﨑斗亜,無所属,STARTO
真弓孟之,AmBitious,STARTO
永岡蓮王,AmBitious,STARTO
田村海琉,無所属,STARTO
関翔馬,無所属,STARTO
玉森裕太,Kis-My-Ft2,STARTO
藤ヶ谷太輔,Kis-My-Ft2,STARTO
藤井直樹,個人,STARTO
髙橋優斗,フィナンシェ屋さん,STARTO
